{
  "easting": 664516.8699888719,
  "northing": 7195366.456294575,
  "elevation_radome_center": 1063.5815444491482,
  "candidates_count": 29136
}