{
  "radome_existente_utm": {
    "e": 664517.04053174,
    "n": 7195366.785632674,
    "h": 1063.5784287932831
  },
  "torre_nova_alvo_utm": {
    "e": 664552.04053174,
    "n": 7195344.785632674,
    "h": 1058.5192407466545
  },
  "distancia_planar_m": 41.340053217188775
}