{
  "radome_existente_utm": {
    "e": 664517.0144407798,
    "n": 7195366.4391997885,
    "h": 1063.579967623019
  },
  "torre_nova_alvo_utm": {
    "e": 664522.0144407798,
    "n": 7195354.4391997885,
    "h": 1062.707319274519
  },
  "distancia_planar_m": 13.0
}