{
  "radome_existente_utm": {
    "e": 664517.04053174,
    "n": 7195366.785632674,
    "h": 1063.5784287932831
  },
  "torre_nova_alvo_utm": {
    "e": 664535.04053174,
    "n": 7195352.785632674,
    "h": 1064.2264645293856
  },
  "distancia_planar_m": 22.80350850198276
}