{
  "radome_existente_utm": {
    "e": 664517.0144407798,
    "n": 7195366.4391997885,
    "h": 1063.579967623019
  },
  "torre_nova_alvo_utm": {
    "e": 664537.0144407798,
    "n": 7195358.4391997885,
    "h": 1066.7710287820835
  },
  "distancia_planar_m": 21.540659228538015
}