{
  "radome_existente_utm": {
    "e": 664517.04053174,
    "n": 7195366.785632674,
    "h": 1063.5784287932831
  },
  "torre_nova_alvo_utm": {
    "e": 664537.04053174,
    "n": 7195358.785632674,
    "h": 1066.8975258060573
  },
  "distancia_planar_m": 21.540659228538015
}